[
  {
    "0": "AgACC",
    "1": "Ag000280"
  },
  {
    "0": "Date",
    "1": "11-02-2007"
  },
  {
    "0": "Last updated",
    "1": "14-12-2016"
  },
  {
    "0": "Antigen Name",
    "1": "VENTXP1"
  },
  {
    "0": "Common Name",
    "1": "NA88-A"
  },
  {
    "0": "Full Name",
    "1": "VENT homeobox (Xenopus laevis) pseudogene 1"
  },
  {
    "0": "Synonym",
    "1": "Cancer/testis antigen 18; CT18; NA88; VENTX2P1another display format\n\nCancer/testis antigen 18 CT18 NA88 VENTX2P1"
  },
  {
    "0": "UniProt ID",
    "1": "P0C5K6"
  },
  {
    "0": "NCBI Gene ID",
    "1": "139538"
  },
  {
    "0": "GeneCard ID",
    "1": "GC0XP026576"
  },
  {
    "0": "Annotation",
    "1": "This is a fragment sequence."
  },
  {
    "0": "T cell epitope",
    "1": "Epitope sequence",
    "2": "Position",
    "3": "HLA allele",
    "4": "Reference"
  },
  {
    "0": "T cell epitope",
    "1": "MTQGQHFLQKV",
    "2": "22-33",
    "3": "B13",
    "4": "10790436"
  },
  {
    "0": "T cell epitope",
    "1": "QGQHFLQKV",
    "2": "24-33",
    "3": "B13",
    "4": "10790436"
  },
  {
    "0": "Predicted HLA binders",
    "1": "Allele: HLA-A*01:01\nHLA-A*02:01\nHLA-A*03:01\nHLA-A*11:01\nHLA-A*24:02\nHLA-B*07:02\nHLA-B*08:01\nHLA-B*15:01\nDRB1*01:01\nDRB1*03:01\nDRB1*04:01\nDRB1*07:01\nDRB1*11:01\nDRB1*13:01\nDRB1*15:01\n predictions\nPeptide length: 8 (for class I prediction)\n9\n10\n11\n12 (for class II prediction)\n13 (for class II prediction)\n14 (for class II prediction)\n15 (for class II prediction)"
  },
  {
    "0": "Antigen sequence",
    "1": "MSPPSSMCSPVPLLAAASGQNRMTQGQHFLQKV"
  }
]